{"connection": {"app_name": "abi-sfdc-connect", "organization_id": "00D25000000D5hBEAS", "exported_at": "2015-10-01T18:44:58.513778+00:00"}, "mappings": [{"config": {"fields": {"ABI_SFA_CH_Cluster__c": {}, "ABI_SFA_Channel__c": {}, "Name": {}, "SystemModstamp": {}, "ABI_SFA_Sales_Org__c": {}, "IsDeleted": {}, "Id": {}}, "access": "read_only", "applied_at": "2015-07-12T07:57:57.794Z", "sf_polling_seconds": 600, "sf_max_daily_api_calls": 30000, "sf_notify_enabled": false}, "object_name": "Account"}, {"config": {"fields": {"ABI_SFA_Visit__c": {}, "Name": {}, "SystemModstamp": {}, "RecordTypeId": {}, "IsDeleted": {}, "ABI_SFA_Account_MD__c": {}, "OwnerId": {}, "ABI_SFA_Salesorg__c": {}, "Id": {}}, "access": "read_only", "sf_polling_seconds": 600, "sf_max_daily_api_calls": 30000, "sf_notify_enabled": false}, "object_name": "ABI_SFA_Activity_Group__c"}, {"config": {"fields": {"ABI_SFA_Fixed__c": {}, "ABI_SFA_Status__c": {}, "ABI_SFA_Usage__c": {}, "Name": {}, "SystemModstamp": {}, "Account__c": {}, "ABI_SFA_Manual__c": {}, "IsDeleted": {}, "ABI_SFA_Excluded__c": {}, "ABI_SFA_Unique_Identifier__c": {}, "AccountSet__c": {}, "Id": {}}, "access": "read_write", "applied_at": "2015-07-17T16:09:46.358Z", "sf_polling_seconds": 600, "sf_max_daily_api_calls": 30000, "sf_notify_enabled": false}, "object_name": "AccountSetAssociation__c"}, {"config": {"fields": {"Status__c": {}, "ABI_SFA_Process_Concatenation__c": {}, "SystemModstamp": {}, "AccountSetName__c": {}, "ABI_SFA_Polish_Notation__c": {}, "CriteriaValues__c": {}, "IsDeleted": {}, "ABI_SFA_Process_List_Prices__c": {}, "ABI_SFA_Sales_Organization__c": {}, "Description__c": {}, "PicklistCriteriaValues__c": {}, "ABI_SFA_Valid_Thru__c": {}, "ABI_SFA_Process_Assocn_Deassocn__c": {}, "CriteriaField__c": {}, "OwnerId": {}, "ABI_SFA_Valid_From__c": {}, "ABI_SFA_Fixed__c": {}, "Name": {}, "LogicFilter__c": {}, "ABI_SFA_Activity_Group_Recalculation__c": {}, "CriteriaOperators__c": {}, "MarkedforBatch__c": {}, "ABI_SFA_Process_LOS__c": {}, "ABI_SFA_Usage__c": {}, "AccountCriteria__c": {}, "ABI_SFA_Logical_Expression__c": {}, "Id": {}, "ABI_SFA_Price_List_Type__c": {}}, "access": "read_only", "applied_at": "2015-07-01T08:35:26.293Z", "sf_polling_seconds": 600, "sf_max_daily_api_calls": 30000, "sf_notify_enabled": false}, "object_name": "AccountSet__c"}, {"config": {"fields": {"DeveloperName": {}, "Name": {}, "SystemModstamp": {}, "State": {}, "IsDeleted": {}, "Description": {}, "Id": {}}, "access": "read_only", "sf_polling_seconds": 600, "sf_max_daily_api_calls": 30000, "sf_notify_enabled": false}, "object_name": "Territory2Model"}, {"config": {"fields": {"UserOrGroupId": {}, "LastModifiedDate": {}, "RowCause": {}, "AccessLevel": {}, "IsDeleted": {}, "ParentId": {}, "Id": {}}, "access": "read_write", "sf_polling_seconds": 600, "sf_max_daily_api_calls": 30000, "sf_notify_enabled": false}, "object_name": "ABI_SFA_Opportunity__Share"}, {"config": {"fields": {"UserOrGroupId": {}, "LastModifiedDate": {}, "RowCause": {}, "AccessLevel": {}, "IsDeleted": {}, "ParentId": {}, "Id": {}}, "access": "read_write", "applied_at": "2015-08-10T15:27:56.202Z", "sf_polling_seconds": 600, "sf_max_daily_api_calls": 30000, "sf_notify_enabled": false}, "object_name": "ABI_SFA_Activity__Share"}, {"config": {"fields": {"Name": {}, "SystemModstamp": {}, "RecordTypeId": {}, "ABI_SFA_Account__c": {}, "OwnerId": {}, "ABI_SFA_Salesorg__c": {}, "IsDeleted": {}, "Id": {}}, "access": "read_only", "sf_polling_seconds": 600, "sf_max_daily_api_calls": 30000, "sf_notify_enabled": false}, "object_name": "ABI_SFA_Agreement__c"}, {"config": {"fields": {"Id": {}, "RelatedId": {}, "Name": {}, "SystemModstamp": {}, "Type": {}}, "access": "read_only", "sf_polling_seconds": 600, "sf_max_daily_api_calls": 30000, "sf_notify_enabled": false}, "object_name": "Group"}, {"config": {"fields": {"SystemModstamp": {}, "RoleInTerritory2": {}, "IsActive": {}, "UserId": {}, "Territory2Id": {}, "Id": {}}, "access": "read_only", "sf_polling_seconds": 600, "sf_max_daily_api_calls": 30000, "sf_notify_enabled": false}, "object_name": "UserTerritory2Association"}, {"config": {"fields": {"Name": {}, "SystemModstamp": {}, "RecordTypeId": {}, "IsDeleted": {}, "ABI_SFA_Ship_To__c": {}, "OwnerId": {}, "ABI_SFA_Salesorg__c": {}, "Id": {}}, "access": "read_only", "sf_polling_seconds": 600, "applied_at": "2015-08-10T19:51:16.239Z", "sf_max_daily_api_calls": 30000, "sf_notify_enabled": false}, "object_name": "ABI_SFA_Order__c"}, {"config": {"fields": {"Name": {}, "SystemModstamp": {}, "RecordTypeId": {}, "IsDeleted": {}, "OwnerId": {}, "ABI_SFA_Salesorg__c": {}, "ABI_SFA_Account__c": {}, "Id": {}}, "access": "read_only", "sf_polling_seconds": 600, "sf_max_daily_api_calls": 30000, "sf_notify_enabled": false}, "object_name": "ABI_SFA_Opportunity__c"}, {"config": {"fields": {"UserOrGroupId": {}, "LastModifiedDate": {}, "Id": {}, "AccessLevel": {}, "IsDeleted": {}, "ParentId": {}, "RowCause": {}}, "access": "read_write", "sf_polling_seconds": 600, "applied_at": "2015-08-10T15:59:33.575Z", "sf_max_daily_api_calls": 30000, "sf_notify_enabled": false}, "object_name": "ABI_SFA_Agreement__Share"}, {"config": {"fields": {"Name": {}, "SystemModstamp": {}, "RecordTypeId": {}, "IsDeleted": {}, "ABI_SFA_Related_Account__c": {}, "OwnerId": {}, "ABI_SFA_Salesorg__c": {}, "Id": {}}, "access": "read_only", "sf_polling_seconds": 600, "sf_max_daily_api_calls": 30000, "sf_notify_enabled": false}, "object_name": "ABI_SFA_Condition__c"}, {"config": {"fields": {"UserOrGroupId": {}, "LastModifiedDate": {}, "Id": {}, "AccessLevel": {}, "IsDeleted": {}, "ParentId": {}, "RowCause": {}}, "access": "read_write", "sf_polling_seconds": 600, "applied_at": "2015-08-10T19:52:28.406Z", "sf_max_daily_api_calls": 30000, "sf_notify_enabled": false}, "object_name": "ABI_SFA_Order__Share"}, {"config": {"fields": {"DeveloperName": {}, "Name": {}, "SystemModstamp": {}, "AccountAccessLevel": {}, "Territory2ModelId": {}, "Id": {}, "ABI_SFA_External_ID__c": {}}, "access": "read_only", "sf_polling_seconds": 600, "sf_max_daily_api_calls": 30000, "sf_notify_enabled": false}, "object_name": "Territory2"}, {"config": {"fields": {"UserOrGroupId": {}, "LastModifiedDate": {}, "Id": {}, "AccessLevel": {}, "IsDeleted": {}, "ParentId": {}, "RowCause": {}}, "access": "read_write", "sf_polling_seconds": 600, "sf_max_daily_api_calls": 30000, "sf_notify_enabled": false}, "object_name": "ABI_SFA_Condition__Share"}, {"config": {"fields": {"Name": {}, "SystemModstamp": {}, "ABI_SFA_Account_LP__c": {}, "RecordTypeId": {}, "IsDeleted": {}, "OwnerId": {}, "ABI_SFA_Salesorg__c": {}, "ABI_SFA_Account_KPI__c": {}, "Id": {}, "ABI_SFA_Account_To_Do__c": {}}, "access": "read_only", "sf_polling_seconds": 600, "sf_max_daily_api_calls": 30000, "sf_notify_enabled": false}, "object_name": "ABI_SFA_Activity__c"}, {"config": {"fields": {"UserOrGroupId": {}, "LastModifiedDate": {}, "Id": {}, "AccessLevel": {}, "IsDeleted": {}, "ParentId": {}, "RowCause": {}}, "access": "read_write", "sf_polling_seconds": 600, "applied_at": "2015-08-10T14:40:53.638Z", "sf_max_daily_api_calls": 30000, "sf_notify_enabled": false}, "object_name": "ABI_SFA_Activity_Group__Share"}, {"config": {"fields": {"Name": {}, "SystemModstamp": {}, "RecordTypeId": {}, "IsDeleted": {}, "OwnerId": {}, "ABI_SFA_Account__c": {}, "Id": {}}, "access": "read_only", "applied_at": "2015-08-10T14:32:29.554Z", "sf_polling_seconds": 600, "sf_max_daily_api_calls": 30000, "sf_notify_enabled": false}, "object_name": "ABI_SFA_Visit__c"}, {"config": {"fields": {"SystemModstamp": {}, "IsDeleted": {}, "ObjectId": {}, "SobjectType": {}, "Territory2Id": {}, "AssociationCause": {}, "Id": {}}, "access": "read_only", "sf_polling_seconds": 600, "sf_max_daily_api_calls": 30000, "sf_notify_enabled": false}, "object_name": "ObjectTerritory2Association"}, {"config": {"fields": {"UserOrGroupId": {}, "LastModifiedDate": {}, "Id": {}, "AccessLevel": {}, "IsDeleted": {}, "ParentId": {}, "RowCause": {}}, "access": "read_write", "applied_at": "2015-08-04T21:07:41.584Z", "sf_polling_seconds": 600, "sf_max_daily_api_calls": 30000, "sf_notify_enabled": false}, "object_name": "ABI_SFA_Visit__Share"}], "version": 1}